BatchNo, BoardNo, Color, UPI, X, Y, R, L, W, Area, Type, SubCode
Cabinet2,1,1,20648361074,0,0,0,2308.0,528.0,1.218624E8,0,0
Cabinet2,1,1,20687051002,2320,6520,0,2208.0,568.0,1.254144E8,0,0
Cabinet2,1,1,20648361009,0,5610,90,659.0,176.0,1.15984E7,0,0
Cabinet2,1,1,20711281020,17320,5280,0,708.0,118.0,8354400.0,0,0
Cabinet2,1,1,20648361069,1760,5280,0,927.0,108.0,1.00116E7,0,0
Cabinet2,1,0,20687051067,23720,0,90,421.0,68.0,2862800.0,0,0
Cabinet2,1,0,20711281027,23140,0,90,412.0,58.0,2389600.0,0,0
Cabinet2,1,0,20688201144,1760,6520,0,44.0,568.0,2499200.0,0,0
Cabinet2,1,0,20687051023,23320,4210,90,101.0,108.0,1090800.0,0,0
Cabinet2,1,0,20712531011,14610,5280,0,271.0,108.0,2926800.0,0,0
Cabinet2,1,0,20710131018,11030,5280,0,358.0,63.0,2255400.0,0,0
Cabinet2,1,0,20663981116,11030,5940,90,58.0,358.0,2076400.0,0,0
Cabinet2,2,1,20687051121,0,0,0,211.0,337.0,7110700.0,0,0
Cabinet2,2,1,20648361062,5720,0,0,1868.0,618.0,1.154424E8,0,0
Cabinet2,2,1,20687051004,2320,6520,0,2208.0,568.0,1.254144E8,0,0
Cabinet2,2,1,20648361108,0,8530,0,221.0,367.0,8110700.0,0,0
Cabinet2,2,1,20688201083,2110,0,90,458.0,358.0,1.63964E7,0,0
Cabinet2,2,1,20687051128,0,3370,0,211.0,337.0,7110700.0,0,0
Cabinet2,2,1,20710131070,2110,4580,90,191.0,357.0,6818700.0,0,0
Cabinet2,2,0,20688201062,0,7850,90,68.0,171.0,1162800.0,0,0
Cabinet2,3,1,20687051091+20688201123,0,0,0,297.5,455.0,1.353625E7,0,0
Cabinet2,3,1,20710131044,3320,0,0,2108.0,568.0,1.197344E8,0,0
Cabinet2,3,1,20710131046,3320,6520,0,2108.0,568.0,1.197344E8,0,0
Cabinet2,3,1,20687051069,0,5490,90,671.0,140.0,9394000.0,0,0
Cabinet2,3,1,20688201074,1400,4620,90,758.0,192.0,1.45536E7,0,0
Cabinet2,3,1,20711281016,18260,5680,0,614.0,68.0,4175200.0,0,0
Cabinet2,3,0,20687051026,3320,5680,0,401.0,68.0,2726800.0,0,0
Cabinet2,3,0,20688201143,11360,5680,0,690.0,44.0,3036000.0,0,0
Cabinet2,3,0,20710131053,11180,6140,0,708.0,38.0,2690400.0,0,0
Cabinet2,3,0,20648361129,7330,5680,90,73.0,368.0,2686400.0,0,0
Cabinet2,4,1,20648361075,1320,0,0,2308.0,528.0,1.218624E8,0,0
Cabinet2,4,1,20648361078,1690,8020,0,2271.0,418.0,9.49278E7,0,0
Cabinet2,4,1,20687051048,17320,5440,0,708.0,258.0,1.82664E7,0,0
Cabinet2,4,1,20688201045,10430,5340,0,689.0,268.0,1.84652E7,0,0
Cabinet2,4,1,20688201125,2420,5510,90,251.0,801.0,2.01051E7,0,0
Cabinet2,4,1,20688201044,10,5310,90,689.0,168.0,1.15752E7,0,0
Cabinet2,4,0,20663981119,0,0,0,58.0,358.0,2076400.0,0,0
Cabinet2,4,0,20663981029,580,0,0,68.0,516.0,3508800.0,0,0
Cabinet2,4,0,20712531012,1690,5310,0,68.0,271.0,1842800.0,0,0
Cabinet2,5,1,20648361066,0,0,90,558.0,618.0,3.44844E7,0,0
Cabinet2,5,1,20711281041,6320,0,0,1808.0,568.0,1.026944E8,0,0
Cabinet2,5,1,20711281042,6320,6520,0,1808.0,568.0,1.026944E8,0,0
Cabinet2,5,1,20711281015,0,5650,0,614.0,655.0,4.0217E7,0,0
Cabinet2,5,0,20710131055,17320,5680,0,708.0,38.0,2690400.0,0,0
Cabinet2,5,0,20710131057,17320,6140,0,708.0,38.0,2690400.0,0,0
Cabinet2,5,0,20648361086,6140,5680,0,678.0,73.0,4949400.0,0,0
Cabinet2,5,0,20711281030,13110,5680,0,421.0,68.0,2862800.0,0,0
Cabinet2,6,1,20648361065,0,0,0,1850.0,927.0,1.71495E8,0,0
Cabinet2,6,1,20663981105,18690,0,90,321.0,571.0,1.83291E7,0,0
Cabinet2,6,1,20687051029,17510,9990,0,689.0,221.0,1.52269E7,0,0
Cabinet2,6,1,20688201069,0,11120,0,881.0,108.0,9514800.0,0,0
Cabinet2,6,1,20712531060,0,9410,90,171.0,337.0,5762700.0,0,0
Cabinet2,6,1,20687051089,22820,3280,90,671.0,158.0,1.06018E7,0,0
Cabinet2,6,1,20648361044,18500,3210,90,678.0,432.0,2.92896E7,0,0
Cabinet2,6,1,20688201077,3370,9380,0,721.0,174.0,1.25454E7,0,0
Cabinet2,6,1,20687051042,10620,9420,0,689.0,278.0,1.91542E7,0,0
Cabinet2,7,1,20663981070,0,0,90,861.0,357.0,3.07377E7,0,0
Cabinet2,7,1,20648361005,18720,0,90,678.0,568.0,3.85104E7,0,0
Cabinet2,7,1,20711281010,17510,8520,0,689.0,368.0,2.53552E7,0,0
Cabinet2,7,1,20687051101,0,8620,90,358.0,338.0,1.21004E7,0,0
Cabinet2,7,1,20687051111+20688201078,3380,8630,0,1025.5,357.0,3.661035E7,0,0
Cabinet2,7,1,20648361013,3570,0,90,678.0,400.0,2.712E7,0,0
Cabinet2,7,1,20687051087,17320,6840,0,708.0,168.0,1.18944E7,0,0
Cabinet2,7,1,20688201051,11640,0,0,708.0,308.0,2.18064E7,0,0
Cabinet2,7,1,20663981097,13750,8620,90,358.0,376.0,1.34608E7,0,0
Cabinet2,7,1,20687051022,3570,6850,0,689.0,178.0,1.22642E7,0,0
Cabinet2,7,1,20712531059,7570,0,0,403.0,338.0,1.36214E7,0,0
Cabinet2,7,1,20663981088,11640,3080,0,708.0,376.0,2.66208E7,0,0
Cabinet2,7,1,20687051090,10610,6840,0,671.0,178.0,1.19438E7,0,0
Cabinet2,7,1,20712531061,7570,3380,0,403.0,338.0,1.36214E7,0,0
Cabinet2,8,1,20663981002,0,0,0,708.0,568.0,4.02144E7,0,0
Cabinet2,8,1,20663981003,17320,0,0,708.0,568.0,4.02144E7,0,0
Cabinet2,8,1,20663981012,17320,6520,0,708.0,568.0,4.02144E7,0,0
Cabinet2,8,1,20663981013,0,6520,0,708.0,568.0,4.02144E7,0,0
Cabinet2,8,1,20688201049,7080,0,0,671.0,564.0,3.78444E7,0,0
Cabinet2,8,1,20663981025,10240,10700,0,708.0,150.0,1.062E7,0,0
Cabinet2,8,1,20663981063,13910,0,90,708.0,341.0,2.41428E7,0,0
Cabinet2,8,1,20688201130,7080,6090,0,251.0,611.0,1.53361E7,0,0
Cabinet2,8,1,20663981069,10240,7120,0,708.0,358.0,2.53464E7,0,0
Cabinet2,8,0,20687051144,0,5680,0,708.0,68.0,4814400.0,0,0
Cabinet2,8,0,20648361088,17620,5680,0,678.0,73.0,4949400.0,0,0
Cabinet2,8,0,20712531070,9590,8620,0,58.0,358.0,2076400.0,0,0
Cabinet2,8,0,20711281068,7080,5640,0,614.0,40.0,2456000.0,0,0
Cabinet2,8,0,20687051066,9590,6040,0,421.0,108.0,4546800.0,0,0
Cabinet2,9,1,20711281028,0,0,90,818.0,568.0,4.64624E7,0,0
Cabinet2,9,1,20648361006,18720,0,90,678.0,568.0,3.85104E7,0,0
Cabinet2,9,1,20687051055,17510,6780,0,689.0,542.0,3.73438E7,0,0
Cabinet2,9,1,20687051020,0,8220,0,708.0,398.0,2.81784E7,0,0
Cabinet2,9,1,20648361107,5680,0,90,813.0,368.0,2.99184E7,0,0
Cabinet2,9,1,20648361015,13040,0,90,678.0,568.0,3.85104E7,0,0
Cabinet2,9,1,20648361115,13840,9990,90,221.0,367.0,8110700.0,0,0
Cabinet2,9,1,20687051033,7080,8300,0,671.0,390.0,2.6169E7,0,0
Cabinet2,9,1,20710131096,13940,6780,90,321.0,357.0,1.14597E7,0,0
Cabinet2,9,1,20648361109,9360,0,90,813.0,368.0,2.99184E7,0,0
Cabinet2,10,1,20687051035,0,0,0,708.0,338.0,2.39304E7,0,0
Cabinet2,10,1,20688201066,20830,3390,90,881.0,357.0,3.14517E7,0,0
Cabinet2,10,1,20711281029,0,6520,0,818.0,568.0,4.64624E7,0,0
Cabinet2,10,1,20663981108,21190,0,0,321.0,339.0,1.08819E7,0,0
Cabinet2,10,1,20687051088,14110,0,0,708.0,338.0,2.39304E7,0,0
Cabinet2,10,1,20663981026,0,3380,0,708.0,150.0,1.062E7,0,0
Cabinet2,10,1,20648361067,11560,6030,0,927.0,617.0,5.71959E7,0,0
Cabinet2,10,1,20687051043,0,4880,0,689.0,158.0,1.08862E7,0,0
Cabinet2,10,1,20687051109,14120,3380,0,671.0,256.0,1.71776E7,0,0
Cabinet2,10,1,20688201109,7080,0,90,588.0,358.0,2.10504E7,0,0
Cabinet2,10,1,20687051120,8180,6220,90,598.0,338.0,2.02124E7,0,0
Cabinet2,10,1,20687051122,10730,0,90,598.0,338.0,2.02124E7,0,0
Cabinet2,11,1,20663981018,0,0,0,708.0,568.0,4.02144E7,0,0
Cabinet2,11,1,20663981019,17320,0,0,708.0,568.0,4.02144E7,0,0
Cabinet2,11,1,20663981032,17320,6520,0,708.0,568.0,4.02144E7,0,0
Cabinet2,11,1,20648361056,0,5790,90,641.0,517.0,3.31397E7,0,0
Cabinet2,11,1,20688201085,5170,8620,0,458.0,358.0,1.63964E7,0,0
Cabinet2,11,1,20663981033,10240,0,0,708.0,568.0,4.02144E7,0,0
Cabinet2,11,1,20663981042,10240,6520,0,708.0,568.0,4.02144E7,0,0
Cabinet2,11,1,20688201128,7080,0,0,288.0,158.0,4550400.0,0,0
Cabinet2,11,1,20648361008,7080,1580,90,659.0,161.0,1.06099E7,0,0
Cabinet2,11,0,20648361128,15800,5680,0,860.0,73.0,6278000.0,0,0
Cabinet2,11,0,20712531063,5170,5790,0,170.0,283.0,4811000.0,0,0
Cabinet2,11,0,20712531085,8690,1580,90,318.0,88.0,2798400.0,0,0
Cabinet2,11,0,20663981115,9570,1580,90,690.0,58.0,4002000.0,0,0
Cabinet2,11,0,20712531073,8690,4840,90,378.0,88.0,3326400.0,0,0
Cabinet2,11,0,20663981036,12820,5680,90,68.0,298.0,2026400.0,0,0
Cabinet2,11,0,20712531027,10150,5680,90,68.0,266.0,1808800.0,0,0
Cabinet2,12,1,20687051102,0,0,90,636.0,337.0,2.14332E7,0,0
Cabinet2,12,1,20648361023,17620,0,0,678.0,568.0,3.85104E7,0,0
Cabinet2,12,1,20648361024,17620,6520,0,678.0,568.0,3.85104E7,0,0
Cabinet2,12,1,20663981043,0,6520,0,708.0,568.0,4.02144E7,0,0
Cabinet2,12,1,20710131008,3370,0,0,708.0,588.0,4.16304E7,0,0
Cabinet2,12,1,20688201084,14050,0,90,881.0,357.0,3.14517E7,0,0
Cabinet2,12,1,20687051108,10540,8820,0,708.0,338.0,2.39304E7,0,0
Cabinet2,12,1,20687051127,7080,6220,90,598.0,338.0,2.02124E7,0,0
Cabinet2,12,1,20688201110,10480,0,90,881.0,357.0,3.14517E7,0,0
Cabinet2,12,0,20648361090,17620,5680,0,678.0,73.0,4949400.0,0,0
Cabinet2,12,0,20687051141,3370,5940,90,58.0,338.0,1960400.0,0,0
Cabinet2,13,1,20648361033,0,0,0,678.0,568.0,3.85104E7,0,0
Cabinet2,13,1,20663981051,17320,0,0,708.0,568.0,4.02144E7,0,0
Cabinet2,13,1,20648361034,17620,6520,0,678.0,568.0,3.85104E7,0,0
Cabinet2,13,1,20710131069,0,6420,90,578.0,358.0,2.06924E7,0,0
Cabinet2,13,1,20648361037,3580,6520,0,678.0,568.0,3.85104E7,0,0
Cabinet2,13,1,20648361038,6780,0,0,678.0,568.0,3.85104E7,0,0
Cabinet2,13,1,20648361045,10840,7880,0,678.0,432.0,2.92896E7,0,0
Cabinet2,13,1,20688201065,13740,0,90,758.0,358.0,2.71364E7,0,0
Cabinet2,13,0,20688201116,0,5680,90,68.0,358.0,2434400.0,0,0
Cabinet2,13,0,20688201119,20820,5680,90,68.0,358.0,2434400.0,0,0
Cabinet2,13,0,20663981055,3580,5680,0,671.0,68.0,4562800.0,0,0
Cabinet2,13,0,20648361041,17390,5680,90,68.0,343.0,2332400.0,0,0
Cabinet2,13,0,20687051123,10360,5770,90,211.0,337.0,7110700.0,0,0
Cabinet2,14,1,20710131061,0,0,90,771.0,357.0,2.75247E7,0,0
Cabinet2,14,1,20663981090,17320,0,0,708.0,376.0,2.66208E7,0,0
Cabinet2,14,1,20648361091,15620,8520,0,878.0,368.0,3.23104E7,0,0
Cabinet2,14,1,20688201067,0,8620,0,758.0,358.0,2.71364E7,0,0
Cabinet2,14,1,20663981098,3570,0,0,571.0,375.0,2.14125E7,0,0
Cabinet2,14,1,20663981071,17320,4940,0,708.0,358.0,2.53464E7,0,0
Cabinet2,14,1,20711281031,13200,0,0,412.0,468.0,1.92816E7,0,0
Cabinet2,14,1,20710131071,3570,5040,0,578.0,358.0,2.06924E7,0,0
Cabinet2,14,1,20688201075,7580,8620,0,758.0,358.0,2.71364E7,0,0
Cabinet2,14,1,20663981103,9280,0,0,358.0,358.0,1.28164E7,0,0
Cabinet2,14,1,20688201091,9740,4940,0,758.0,358.0,2.71364E7,0,0
Cabinet2,14,0,20710131017,0,7940,90,68.0,321.0,2182800.0,0,0
Cabinet2,14,0,20663981111,17320,3760,0,708.0,58.0,4106400.0,0,0
Cabinet2,14,0,20663981113,17320,4340,0,708.0,58.0,4106400.0,0,0
Cabinet2,14,0,20710131015,3570,3750,0,321.0,108.0,3466800.0,0,0
Cabinet2,14,0,20663981066,6780,3750,0,276.0,108.0,2980800.0,0,0
Cabinet2,14,0,20688201134,9540,3580,90,68.0,358.0,2434400.0,0,0
Cabinet2,14,0,20688201137,9540,4260,90,68.0,358.0,2434400.0,0,0
Cabinet2,15,1,20648361058,0,0,0,678.0,452.0,3.06456E7,0,0
Cabinet2,15,1,20648361114,20720,0,90,813.0,368.0,2.99184E7,0,0
Cabinet2,15,1,20687051049,0,8120,0,708.0,408.0,2.88864E7,0,0
Cabinet2,15,1,20648361116,16270,8520,0,813.0,368.0,2.99184E7,0,0
Cabinet2,15,1,20712531028,13640,0,0,708.0,403.0,2.85324E7,0,0
Cabinet2,15,1,20712531051,0,4550,0,771.0,357.0,2.75247E7,0,0
Cabinet2,15,1,20648361059,6780,0,0,678.0,452.0,3.06456E7,0,0
Cabinet2,15,1,20663981106,7080,8620,0,358.0,358.0,1.28164E7,0,0
Cabinet2,15,1,20710131076,14940,4940,0,578.0,358.0,2.06924E7,0,0
Cabinet2,15,1,20688201101,10660,8630,0,561.0,357.0,2.00277E7,0,0
Cabinet2,15,1,20712531029,7710,4590,0,708.0,403.0,2.85324E7,0,0
Cabinet2,15,0,20710131089,15440,4030,0,528.0,88.0,4646400.0,0,0
Cabinet2,16,1,20663981052,0,0,90,708.0,568.0,4.02144E7,0,0
Cabinet2,16,1,20688201093,20820,0,90,758.0,358.0,2.71364E7,0,0
Cabinet2,16,1,20663981099,20820,8440,0,358.0,376.0,1.34608E7,0,0
Cabinet2,16,1,20663981104,0,8620,0,571.0,358.0,2.04418E7,0,0
Cabinet2,16,1,20648361093,17140,0,90,878.0,368.0,3.23104E7,0,0
Cabinet2,16,1,20663981064,13740,8790,0,708.0,341.0,2.41428E7,0,0
Cabinet2,16,1,20688201002,5680,0,0,708.0,568.0,4.02144E7,0,0
Cabinet2,16,1,20688201003,5710,6520,0,708.0,568.0,4.02144E7,0,0
Cabinet2,16,1,20648361098,13460,0,90,878.0,368.0,3.23104E7,0,0
Cabinet2,16,0,20648361004,0,7940,0,571.0,68.0,3882800.0,0,0
Cabinet2,16,0,20663981067,21640,7760,90,68.0,276.0,1876800.0,0,0
Cabinet2,16,0,20663981040,0,7260,0,571.0,68.0,3882800.0,0,0
Cabinet2,16,0,20710131009,12830,0,90,1108.0,63.0,6980400.0,0,0
Cabinet2,16,0,20688201023,5680,5680,0,671.0,68.0,4562800.0,0,0
Cabinet2,17,1,20687051129,21020,0,90,598.0,338.0,2.02124E7,0,0
Cabinet2,17,1,20688201012,17320,6520,0,708.0,568.0,4.02144E7,0,0
Cabinet2,17,1,20688201013,13940,0,0,708.0,568.0,4.02144E7,0,0
Cabinet2,17,1,20688201017,10240,6520,0,708.0,568.0,4.02144E7,0,0
Cabinet2,17,1,20688201022,7230,0,0,671.0,552.0,3.70392E7,0,0
Cabinet2,17,1,20711281064,4570,6090,90,611.0,567.0,3.46437E7,0,0
Cabinet2,17,1,20711281011,340,0,0,689.0,458.0,3.15562E7,0,0
Cabinet2,17,1,20648361092,240,8530,0,433.0,367.0,1.58911E7,0,0
Cabinet2,17,1,20663981082,360,4960,0,421.0,357.0,1.50297E7,0,0
Cabinet2,17,0,20688201052,14310,5680,0,671.0,68.0,4562800.0,0,0
Cabinet2,17,0,20712531026,4570,4580,0,266.0,108.0,2872800.0,0,0
Cabinet2,17,0,20712531077,10240,5520,0,368.0,88.0,3238400.0,0,0
Cabinet2,18,1,20688201100,0,0,90,758.0,358.0,2.71364E7,0,0
Cabinet2,18,1,20688201018,17320,0,0,708.0,568.0,4.02144E7,0,0
Cabinet2,18,1,20688201029,17320,6520,0,708.0,568.0,4.02144E7,0,0
Cabinet2,18,1,20648361099,0,8530,0,808.0,367.0,2.96536E7,0,0
Cabinet2,18,1,20688201030,3580,0,90,708.0,568.0,4.02144E7,0,0
Cabinet2,18,1,20688201092,13750,0,90,751.0,357.0,2.68107E7,0,0
Cabinet2,18,1,20712531039,9810,8630,0,751.0,357.0,2.68107E7,0,0
Cabinet2,18,1,20688201102,9260,0,90,758.0,358.0,2.71364E7,0,0
Cabinet2,18,0,20712531081,0,7650,0,373.0,88.0,3282400.0,0,0
Cabinet2,18,0,20687051070,17690,5680,0,671.0,68.0,4562800.0,0,0
Cabinet2,18,0,20663981078,3730,7800,0,908.0,73.0,6628400.0,0,0
Cabinet2,18,0,20712531062,8080,8830,0,171.0,337.0,5762700.0,0,0
Cabinet2,18,0,20688201136,3730,7120,0,540.0,68.0,3672000.0,0,0
Cabinet2,18,0,20712531083,12870,0,90,373.0,88.0,3282400.0,0,0
Cabinet2,18,0,20711281025,13110,7550,0,421.0,108.0,4546800.0,0,0
Cabinet2,18,0,20712531079,12870,3730,90,368.0,88.0,3238400.0,0,0
Cabinet2,19,1,20663981081,0,0,90,708.0,358.0,2.53464E7,0,0
Cabinet2,19,1,20688201040,17320,0,0,708.0,568.0,4.02144E7,0,0
Cabinet2,19,1,20688201041,17320,6520,0,708.0,568.0,4.02144E7,0,0
Cabinet2,19,1,20663981083,0,8620,0,708.0,358.0,2.53464E7,0,0
Cabinet2,19,1,20688201050,3580,0,90,708.0,568.0,4.02144E7,0,0
Cabinet2,19,1,20688201058,10240,0,0,708.0,568.0,4.02144E7,0,0
Cabinet2,19,1,20688201059,10240,6520,0,708.0,568.0,4.02144E7,0,0
Cabinet2,19,0,20687051085,0,8040,0,708.0,58.0,4106400.0,0,0
Cabinet2,19,0,20663981122,0,7160,0,608.0,88.0,5350400.0,0,0
Cabinet2,19,0,20687051077,18690,5680,0,571.0,68.0,3882800.0,0,0
Cabinet2,19,0,20663981084,7080,8000,90,420.0,303.0,1.2726E7,0,0
Cabinet2,19,0,20710131087,9260,0,90,618.0,88.0,5438400.0,0,0
Cabinet2,19,0,20712531075,6080,7120,0,388.0,88.0,3414400.0,0,0
Cabinet2,19,0,20687051046,10180,5680,0,851.0,68.0,5786800.0,0,0
Cabinet2,20,1,20687051019,0,0,0,708.0,568.0,4.02144E7,0,0
Cabinet2,20,1,20687051037,17320,0,0,708.0,568.0,4.02144E7,0,0
Cabinet2,20,1,20687051064,17320,6520,0,708.0,568.0,4.02144E7,0,0
Cabinet2,20,1,20687051065,0,6520,0,708.0,568.0,4.02144E7,0,0
Cabinet2,20,1,20710131060,7080,0,90,708.0,358.0,2.53464E7,0,0
Cabinet2,20,1,20687051078,11640,0,90,708.0,568.0,4.02144E7,0,0
Cabinet2,20,1,20710131062,10240,8620,0,708.0,358.0,2.53464E7,0,0
Cabinet2,20,0,20712531006,0,5680,0,661.0,68.0,4494800.0,0,0
Cabinet2,20,0,20648361012,17990,5680,0,641.0,68.0,4358800.0,0,0
Cabinet2,20,0,20688201126,7080,9320,90,288.0,158.0,4550400.0,0,0
Cabinet2,20,0,20688201131,8660,9320,90,288.0,158.0,4550400.0,0,0
Cabinet2,20,0,20663981035,7080,8240,0,298.0,108.0,3218400.0,0,0
Cabinet2,20,0,20663981027,12160,7130,0,516.0,149.0,7688400.0,0,0
Cabinet2,20,0,20710131091,10660,0,90,528.0,88.0,4646400.0,0,0
Cabinet2,20,0,20712531031,7080,7160,0,266.0,108.0,2872800.0,0,0
Cabinet2,20,0,20687051057,9740,7160,0,237.0,108.0,2559600.0,0,0
Cabinet2,21,1,20687051079,0,0,0,708.0,568.0,4.02144E7,0,0
Cabinet2,21,1,20710131095,20820,0,90,708.0,358.0,2.53464E7,0,0
Cabinet2,21,1,20711281004,0,6520,0,708.0,568.0,4.02144E7,0,0
Cabinet2,21,1,20710131097,17320,8620,0,708.0,358.0,2.53464E7,0,0
Cabinet2,21,1,20711281005,15140,0,90,708.0,568.0,4.02144E7,0,0
Cabinet2,21,1,20711281019,7080,0,0,708.0,568.0,4.02144E7,0,0
Cabinet2,21,1,20711281053,7080,6520,0,708.0,568.0,4.02144E7,0,0
Cabinet2,21,0,20648361047,14220,7940,0,1018.0,68.0,6922400.0,0,0
Cabinet2,21,0,20648361032,20690,7260,90,68.0,371.0,2522800.0,0,0
Cabinet2,21,0,20648361050,0,5680,0,641.0,68.0,4358800.0,0,0
Cabinet2,21,0,20687051118,14240,10620,0,308.0,158.0,4866400.0,0,0
Cabinet2,21,0,20688201033,14280,7260,90,68.0,641.0,4358800.0,0,0
Cabinet2,21,0,20710131080,14290,8720,90,190.0,303.0,5757000.0,0,0
Cabinet2,21,0,20711281038,14460,0,90,571.0,68.0,3882800.0,0,0
Cabinet2,21,0,20648361025,6410,5840,0,871.0,68.0,5922800.0,0,0
Cabinet2,22,1,20687051110,22020,0,90,671.0,238.0,1.59698E7,0,0
Cabinet2,22,1,20648361055,19880,7030,90,517.0,452.0,2.33684E7,0,0
Cabinet2,22,1,20648361071,12750,0,0,927.0,617.0,5.71959E7,0,0
Cabinet2,22,1,20711281054,12800,6520,0,708.0,568.0,4.02144E7,0,0
Cabinet2,22,1,20711281060,5720,6520,0,708.0,568.0,4.02144E7,0,0
Cabinet2,22,1,20711281061,5670,0,0,708.0,568.0,4.02144E7,0,0
Cabinet2,22,1,20663981089,1970,5970,90,623.0,375.0,2.33625E7,0,0
Cabinet2,22,1,20710131078,2090,0,90,578.0,358.0,2.06924E7,0,0
Cabinet2,22,1,20688201076,40,0,90,721.0,193.0,1.39153E7,0,0
Cabinet2,22,0,20663981022,0,7490,0,68.0,471.0,3202800.0,0,0
Cabinet2,22,0,20711281065,680,7490,90,471.0,108.0,5086800.0,0,0
Cabinet2,22,0,20688201006,5720,5680,90,68.0,621.0,4222800.0,0,0
Cabinet2,23,1,20711281072,0,0,0,708.0,568.0,4.02144E7,0,0
Cabinet2,23,1,20711281073,17320,0,0,708.0,568.0,4.02144E7,0,0
Cabinet2,23,1,20711281080,17320,6520,0,708.0,568.0,4.02144E7,0,0
Cabinet2,23,1,20711281081,0,6520,0,708.0,568.0,4.02144E7,0,0
Cabinet2,23,1,20687051056,7080,0,0,689.0,158.0,1.08862E7,0,0
Cabinet2,23,1,20710131077,15410,8630,0,191.0,357.0,6818700.0,0,0
Cabinet2,23,1,20710131002,7080,10320,0,689.0,188.0,1.29532E7,0,0
Cabinet2,23,1,20687051021,14240,0,90,689.0,308.0,2.12212E7,0,0
Cabinet2,23,1,20712531042,7080,1580,0,708.0,358.0,2.53464E7,0,0
Cabinet2,23,1,20663981054,7080,5250,0,671.0,507.0,3.40197E7,0,0
Cabinet2,23,0,20711281069,0,5680,0,614.0,68.0,4175200.0,0,0
Cabinet2,23,0,20712531037,17320,5680,0,708.0,58.0,4106400.0,0,0
Cabinet2,23,0,20648361031,14330,8490,90,371.0,108.0,4006800.0,0,0
Cabinet2,23,0,20687051143,13940,6910,90,158.0,338.0,5340400.0,0,0
Cabinet2,24,1,20710131019,17320,0,0,708.0,568.0,4.02144E7,0,0
Cabinet2,24,1,20710131020,17320,6520,0,708.0,568.0,4.02144E7,0,0
Cabinet2,24,1,20687051034,17690,5680,0,671.0,68.0,4562800.0,0,0
Cabinet2,24,1,20710131025,10240,0,0,708.0,568.0,4.02144E7,0,0
Cabinet2,24,1,20710131026,10240,6520,0,708.0,568.0,4.02144E7,0,0
Cabinet2,24,1,20710131033,4560,0,90,708.0,568.0,4.02144E7,0,0
Cabinet2,24,1,20687051107,3160,11120,0,708.0,108.0,7646400.0,0,0
Cabinet2,24,1,20648361123,1460,7240,0,878.0,388.0,3.40664E7,0,0
Cabinet2,24,1,20687051053,480,0,90,708.0,408.0,2.88864E7,0,0
Cabinet2,24,0,20711281026,0,7990,90,421.0,108.0,4546800.0,0,0
Cabinet2,24,0,20663981118,10790,5680,0,690.0,58.0,4002000.0,0,0
Cabinet2,25,1,20648361100,20720,0,90,878.0,368.0,3.23104E7,0,0
Cabinet2,25,1,20687051103,20820,8820,0,358.0,338.0,1.21004E7,0,0
Cabinet2,25,1,20710131034,13640,0,0,708.0,568.0,4.02144E7,0,0
Cabinet2,25,1,20712531004,13640,6520,0,708.0,568.0,4.02144E7,0,0
Cabinet2,25,1,20712531005,6560,0,0,708.0,568.0,4.02144E7,0,0
Cabinet2,25,1,20712531013,6560,6520,0,708.0,568.0,4.02144E7,0,0
Cabinet2,25,1,20712531014,880,0,90,708.0,568.0,4.02144E7,0,0
Cabinet2,25,1,20688201111,680,8620,0,588.0,358.0,2.10504E7,0,0
Cabinet2,25,0,20711281013,0,0,90,1206.0,68.0,8200800.0,0,0
Cabinet2,25,0,20687051044,680,7540,0,581.0,108.0,6274800.0,0,0
Cabinet2,25,0,20711281066,16010,5680,0,471.0,68.0,3202800.0,0,0
Cabinet2,25,0,20648361026,6560,5680,0,871.0,68.0,5922800.0,0,0
Cabinet2,26,1,20710131003,22320,0,90,689.0,208.0,1.43312E7,0,0
Cabinet2,26,1,20712531043,17320,8620,0,708.0,358.0,2.53464E7,0,0
Cabinet2,26,1,20710131007,15240,0,0,708.0,788.0,5.57904E7,0,0
Cabinet2,26,1,20648361124,8540,8320,0,878.0,388.0,3.40664E7,0,0
Cabinet2,26,1,20712531019,8160,0,0,708.0,568.0,4.02144E7,0,0
Cabinet2,26,1,20687051054,8160,5740,0,708.0,258.0,1.82664E7,0,0
Cabinet2,26,1,20712531050,1460,8620,0,708.0,358.0,2.53464E7,0,0
Cabinet2,26,1,20712531020,1080,0,0,708.0,568.0,4.02144E7,0,0
Cabinet2,26,1,20687051030,1270,6240,0,689.0,238.0,1.63982E7,0,0
Cabinet2,26,1,20712531055,0,0,90,771.0,108.0,8326800.0,0,0
Cabinet2,26,0,20648361040,0,8770,90,343.0,108.0,3704400.0,0,0
Cabinet2,26,0,20687051140,17500,8040,0,690.0,58.0,4002000.0,0,0
Cabinet2,27,0,20688201004,0,0,0,621.0,567.0,3.52107E7,0,0
Cabinet2,27,0,20711281017+20711281018+20663981021,7305,0,0,1709.5,597.0,1.0205715E8,0,0
Cabinet2,27,0,20648361063,5720,6020,0,1868.0,618.0,1.154424E8,0,0
Cabinet2,27,0,20663981041,0,6770,0,571.0,543.0,3.10053E7,0,0
Cabinet2,27,0,20648361003,0,5690,0,571.0,108.0,6166800.0,0,0
Cabinet2,27,0,20710131045,6210,0,90,581.0,108.0,6274800.0,0,0
Cabinet2,28,0,20688201014,0,0,0,771.0,518.0,3.99378E7,0,0
Cabinet2,28,0,20687051024+20687051047,11920,0,90,407.0,1248.0,5.07936E7,0,0
Cabinet2,28,0,20688201112,15590,6505,90,569.5,881.0,5.017295E7,0,0
Cabinet2,28,0,20663981007,0,7460,0,860.0,474.0,4.0764E7,0,0
Cabinet2,28,0,20663981005,15790,4070,0,861.0,108.0,9298800.0,0,0
Cabinet2,28,0,20648361020,0,6380,0,871.0,108.0,9406800.0,0,0
Cabinet2,28,0,20663981073,15790,5150,0,861.0,108.0,9298800.0,0,0
Cabinet2,28,0,20663981010,0,5180,0,871.0,108.0,9406800.0,0,0
Cabinet2,28,0,20687051072,7710,0,0,420.0,474.0,1.9908E7,0,0
Cabinet2,28,0,20711281071,8600,7500,90,470.0,474.0,2.2278E7,0,0
Cabinet2,28,0,20688201010,14510,4490,90,771.0,108.0,8326800.0,0,0
Cabinet2,28,0,20688201038,13430,4490,90,771.0,108.0,8326800.0,0,0
Cabinet2,28,0,20687051092+20687051093,8710,4760,90,274.05,455.5,1.24829775E7,0,0
Cabinet2,29,0,20688201039,16690,0,0,771.0,108.0,8326800.0,0,0
Cabinet2,29,0,20648361064,15130,6030,0,927.0,617.0,5.71959E7,0,0
Cabinet2,29,0,20648361052,14230,1080,0,1017.0,338.0,3.43746E7,0,0
Cabinet2,29,0,20688201122,1920,4460,0,2248.0,88.0,1.97824E7,0,0
Cabinet2,29,0,20687051032,11690,5340,0,1271.0,68.0,8642800.0,0,0
Cabinet2,29,0,20710131022,7980,0,0,871.0,108.0,9406800.0,0,0
Cabinet2,29,0,20687051058+20687051061+20687051027,1780,7940,0,1335.0,426.0,5.6871E7,0,0
Cabinet2,29,0,20687051050+20687051112,315,1080,0,1391.5,337.0,4.689355E7,0,0
Cabinet2,29,0,20710131004,6210,6860,0,892.0,108.0,9633600.0,0,0
Cabinet2,29,0,20688201115,6730,6180,0,840.0,68.0,5712000.0,0,0
Cabinet2,29,0,20711281001,270,0,0,771.0,108.0,8326800.0,0,0
Cabinet2,29,0,20688201118,3290,5340,0,840.0,68.0,5712000.0,0,0
Cabinet2,29,0,20710131072,2640,6030,90,191.0,357.0,6818700.0,0,0
Cabinet2,29,0,20711281051,700,4490,90,771.0,108.0,8326800.0,0,0
Cabinet2,29,0,20687051060,20,4490,90,771.0,68.0,5242800.0,0,0
Cabinet2,30,0,20663981053,0,0,0,1164.0,108.0,1.25712E7,0,0
Cabinet2,30,0,20688201025,19660,3600,90,860.0,474.0,4.0764E7,0,0
Cabinet2,30,0,20663981038,0,6530,0,571.0,567.0,3.23757E7,0,0
Cabinet2,30,0,20663981086,20190,0,0,421.0,357.0,1.50297E7,0,0
Cabinet2,30,0,20688201054+20688201080,0,1080,0,1013.0,475.0,4.81175E7,0,0
Cabinet2,30,0,20710131100,16620,0,90,321.0,357.0,1.14597E7,0,0
Cabinet2,30,0,20648361002,14480,6490,90,571.0,518.0,2.95778E7,0,0
Cabinet2,30,0,20663981058,0,5850,0,1164.0,68.0,7915200.0,0,0
Cabinet2,30,0,20711281033,5710,6530,0,571.0,567.0,3.23757E7,0,0
Cabinet2,30,0,20688201034,11880,0,90,640.0,474.0,3.0336E7,0,0
Cabinet2,30,0,20710131098,16630,3210,90,320.0,303.0,9696000.0,0,0
Cabinet2,30,0,20688201103,11450,6600,90,560.0,303.0,1.6968E7,0,0
Cabinet2,30,0,20688201063,10130,1080,0,170.0,474.0,8058000.0,0,0
Cabinet2,31,0,20688201106,0,0,0,561.0,357.0,2.00277E7,0,0
Cabinet2,31,0,20688201146,18720,0,90,708.0,568.0,4.02144E7,0,0
Cabinet2,31,0,20648361104,0,8770,0,808.0,343.0,2.77144E7,0,0
Cabinet2,31,0,20710131001,15680,7120,0,872.0,508.0,4.42976E7,0,0
Cabinet2,31,0,20648361022,0,3590,0,871.0,518.0,4.51178E7,0,0
Cabinet2,31,0,20688201071,5610,0,0,881.0,357.0,3.14517E7,0,0
Cabinet2,31,0,20710131016,15520,0,0,320.0,474.0,1.5168E7,0,0
Cabinet2,31,0,20712531041,8080,8870,0,751.0,333.0,2.50083E7,0,0
Cabinet2,31,0,20688201086,14440,0,90,881.0,108.0,9514800.0,0,0
Cabinet2,31,0,20687051117,15640,4740,0,308.0,238.0,7330400.0,0,0
Cabinet2,31,0,20663981107,8710,5290,90,358.0,571.0,2.04418E7,0,0
Cabinet2,31,0,20688201060,8710,3570,90,171.0,567.0,9695700.0,0,0
Cabinet2,32,0,20711281035,0,0,90,571.0,480.0,2.7408E7,0,0
Cabinet2,32,0,20688201031,18730,0,90,641.0,567.0,3.63447E7,0,0
Cabinet2,32,0,20663981072,15800,9170,0,860.0,303.0,2.6058E7,0,0
Cabinet2,32,0,20648361103,0,8530,0,808.0,367.0,2.96536E7,0,0
Cabinet2,32,0,20648361127,15990,6410,0,841.0,276.0,2.32116E7,0,0
Cabinet2,32,0,20648361101,0,7450,0,808.0,108.0,8726400.0,0,0
Cabinet2,32,0,20711281012,0,6370,0,846.0,108.0,9136800.0,0,0
Cabinet2,32,0,20687051006,4800,0,90,571.0,518.0,2.95778E7,0,0
Cabinet2,32,0,20687051071,14520,0,0,421.0,567.0,2.38707E7,0,0
Cabinet2,32,0,20710131029,0,5710,0,908.0,63.0,5720400.0,0,0
Cabinet2,32,0,20710131040,8080,7460,0,770.0,474.0,3.6498E7,0,0
Cabinet2,32,0,20687051005,10040,0,90,570.0,448.0,2.5536E7,0,0
Cabinet2,32,0,20688201047,10020,5700,0,871.0,68.0,5922800.0,0,0
Cabinet2,32,0,20688201095,8480,6380,0,751.0,108.0,8110800.0,0,0
Cabinet2,33,0,20648361030,0,0,90,371.0,567.0,2.10357E7,0,0
Cabinet2,33,0,20648361060,19230,0,0,517.0,433.0,2.23861E7,0,0
Cabinet2,33,0,20663981020,19690,6530,0,471.0,567.0,2.67057E7,0,0
Cabinet2,33,0,20711281079,0,6530,0,771.0,567.0,4.37157E7,0,0
Cabinet2,33,0,20712531010,0,3710,90,271.0,567.0,1.53657E7,0,0
Cabinet2,33,0,20648361046,14220,4330,0,1018.0,108.0,1.09944E7,0,0
Cabinet2,33,0,20688201053+20688201079+20688201061,8825,6530,0,1086.5,567.0,6.160455E7,0,0
Cabinet2,33,0,20648361051,9050,0,0,1018.0,431.0,4.38758E7,0,0
Cabinet2,33,0,20688201032,17990,5410,0,641.0,108.0,6922800.0,0,0
Cabinet2,33,0,20687051104,5670,0,90,636.0,337.0,2.14332E7,0,0
Cabinet2,33,0,20663981039,7710,6490,90,571.0,108.0,6166800.0,0,0
Cabinet2,33,0,20710131010,9070,5410,0,892.0,108.0,9633600.0,0,0
Cabinet2,33,0,20663981028,9040,4310,0,516.0,108.0,5572800.0,0,0
Cabinet2,34,0,20648361096,0,0,0,433.0,343.0,1.48519E7,0,0
Cabinet2,34,0,20663981004,18730,0,90,861.0,567.0,4.88187E7,0,0
Cabinet2,34,0,20710131043,0,7030,0,581.0,517.0,3.00377E7,0,0
Cabinet2,34,0,20648361039,18730,8770,90,343.0,567.0,1.94481E7,0,0
Cabinet2,34,0,20688201088,0,3430,0,881.0,357.0,3.14517E7,0,0
Cabinet2,34,0,20648361097,4330,0,0,433.0,343.0,1.48519E7,0,0
Cabinet2,34,0,20711281062,12620,0,0,611.0,567.0,3.46437E7,0,0
Cabinet2,34,0,20712531052,11650,8620,0,708.0,358.0,2.53464E7,0,0
Cabinet2,34,0,20710131047,5810,7030,0,581.0,517.0,3.00377E7,0,0
Cabinet2,34,0,20648361121,8660,0,0,388.0,276.0,1.07088E7,0,0
Cabinet2,34,0,20712531035,11650,6780,0,708.0,184.0,1.30272E7,0,0
Cabinet2,34,0,20648361010,8820,5700,0,991.0,108.0,1.07028E7,0,0
Cabinet2,34,0,20648361125,8810,2760,90,276.0,369.0,1.01844E7,0,0
Cabinet2,35,0,20710131030,0,0,90,908.0,63.0,5720400.0,0,0
Cabinet2,35,0,20648361049,18050,0,90,641.0,635.0,4.07035E7,0,0
Cabinet2,35,0,20710131066,16690,8630,0,771.0,357.0,2.75247E7,0,0
Cabinet2,35,0,20688201068,0,9170,0,880.0,303.0,2.6664E7,0,0
Cabinet2,35,0,20710131035,630,0,0,771.0,567.0,4.37157E7,0,0
Cabinet2,35,0,20648361110,20730,6420,90,221.0,367.0,8110700.0,0,0
Cabinet2,35,0,20648361042,630,5740,90,343.0,543.0,1.86249E7,0,0
Cabinet2,35,0,20688201024,9440,0,0,861.0,567.0,4.88187E7,0,0
Cabinet2,35,0,20688201124,12720,7050,0,801.0,158.0,1.26558E7,0,0
Cabinet2,35,0,20712531053,8980,8630,0,771.0,357.0,2.75247E7,0,0
Cabinet2,35,0,20687051076,8340,0,90,571.0,108.0,6166800.0,0,0
Cabinet2,35,0,20710131038,12650,6420,0,808.0,63.0,5090400.0,0,0
Cabinet2,35,0,20663981065,6060,5770,0,276.0,340.0,9384000.0,0,0
Cabinet2,35,0,20663981006,9440,5670,90,68.0,861.0,5854800.0,0,0
Cabinet2,35,0,20648361117,8820,6420,90,221.0,367.0,8110700.0,0,0
Cabinet2,36,0,20648361112,0,0,0,221.0,343.0,7580300.0,0,0
Cabinet2,36,0,20663981014,15690,0,0,871.0,518.0,4.51178E7,0,0
Cabinet2,36,0,20663981094,20650,5970,90,623.0,375.0,2.33625E7,0,0
Cabinet2,36,0,20710131024,0,7020,0,871.0,518.0,4.51178E7,0,0
Cabinet2,36,0,20711281003,2210,0,0,771.0,518.0,3.99378E7,0,0
Cabinet2,36,0,20648361119,0,3430,0,221.0,343.0,7580300.0,0,0
Cabinet2,36,0,20688201007,14450,7460,0,620.0,474.0,2.9388E7,0,0
Cabinet2,36,0,20648361011,12960,5180,0,1144.0,68.0,7779200.0,0,0
Cabinet2,36,0,20663981057,2210,5940,0,1164.0,108.0,1.25712E7,0,0
Cabinet2,36,0,20710131005,2210,5180,0,1071.0,68.0,7282800.0,0,0
Cabinet2,36,0,20688201129,14540,5880,0,611.0,158.0,9653800.0,0,0
Cabinet2,36,0,20687051007,9980,0,0,571.0,518.0,2.95778E7,0,0
Cabinet2,36,0,20687051008,8710,7020,0,571.0,518.0,2.95778E7,0,0
Cabinet2,37,0,20663981092,0,0,90,623.0,108.0,6728400.0,0,0
Cabinet2,37,0,20648361068,18820,0,0,558.0,618.0,3.44844E7,0,0
Cabinet2,37,0,20710131048,19230,6390,90,581.0,517.0,3.00377E7,0,0
Cabinet2,37,0,20712531067,0,8170,90,403.0,358.0,1.44274E7,0,0
Cabinet2,37,0,20712531018,1080,0,0,771.0,518.0,3.99378E7,0,0
Cabinet2,37,0,20687051001,3580,7030,0,571.0,517.0,2.95207E7,0,0
Cabinet2,37,0,20710131079,0,6260,90,191.0,357.0,6818700.0,0,0
Cabinet2,37,0,20648361076,15050,6930,0,418.0,527.0,2.20286E7,0,0
Cabinet2,37,0,20648361077,14640,0,0,418.0,527.0,2.20286E7,0,0
Cabinet2,37,0,20687051031,1080,5180,0,1059.0,108.0,1.14372E7,0,0
Cabinet2,37,0,20710131027,3570,6350,0,871.0,68.0,5922800.0,0,0
Cabinet2,37,0,20687051075,8790,0,0,571.0,518.0,2.95778E7,0,0
Cabinet2,37,0,20687051003,9290,7030,0,571.0,517.0,2.95207E7,0,0
Cabinet2,37,0,20712531069,12330,6350,0,690.0,58.0,4002000.0,0,0
Cabinet2,37,0,20688201046,11710,5270,0,711.0,108.0,7678800.0,0,0
Cabinet2,38,0,20688201104,0,0,90,561.0,108.0,6058800.0,0,0
Cabinet2,38,0,20663981100,18690,0,0,571.0,375.0,2.14125E7,0,0
Cabinet2,38,0,20648361057,19880,7030,0,452.0,517.0,2.33684E7,0,0
Cabinet2,38,0,20648361079,0,7110,0,418.0,509.0,2.12762E7,0,0
Cabinet2,38,0,20648361080,1080,0,0,418.0,509.0,2.12762E7,0,0
Cabinet2,38,0,20710131014,18730,3750,0,567.0,321.0,1.82007E7,0,0
Cabinet2,38,0,20711281034,4180,7030,0,571.0,517.0,2.95207E7,0,0
Cabinet2,38,0,20711281046,14170,7030,0,571.0,517.0,2.95207E7,0,0
Cabinet2,38,0,20648361016,0,5950,0,991.0,108.0,1.07028E7,0,0
Cabinet2,38,0,20711281047,5260,0,0,571.0,517.0,2.95207E7,0,0
Cabinet2,38,0,20663981034,15710,0,0,298.0,567.0,1.68966E7,0,0
Cabinet2,38,0,20688201020,1080,5170,0,861.0,68.0,5854800.0,0,0
Cabinet2,38,0,20711281070,11000,0,0,471.0,567.0,2.67057E7,0,0
Cabinet2,38,0,20648361081,9890,7110,0,418.0,509.0,2.12762E7,0,0
Cabinet2,38,0,20688201133,10330,6350,0,840.0,68.0,5712000.0,0,0
Cabinet2,38,0,20710131028,10020,5670,0,871.0,68.0,5922800.0,0,0
Cabinet2,39,0,20648361082,0,0,90,418.0,509.0,2.12762E7,0,0
Cabinet2,39,0,20710131063,16700,0,0,770.0,303.0,2.3331E7,0,0
Cabinet2,39,0,20663981091,18180,8990,0,622.0,321.0,1.99662E7,0,0
Cabinet2,39,0,20712531044,0,8870,0,751.0,333.0,2.50083E7,0,0
Cabinet2,39,0,20688201097,16890,3030,0,751.0,357.0,2.68107E7,0,0
Cabinet2,39,0,20688201132,18290,7410,90,158.0,611.0,9653800.0,0,0
Cabinet2,39,0,20712531045,0,5300,0,751.0,357.0,2.68107E7,0,0
Cabinet2,39,0,20687051038,0,4180,0,1059.0,108.0,1.14372E7,0,0
Cabinet2,39,0,20711281006,16690,6730,0,771.0,68.0,5242800.0,0,0
Cabinet2,39,0,20711281052,5090,0,0,771.0,108.0,8326800.0,0,0
Cabinet2,39,0,20688201094,5090,1080,0,750.0,303.0,2.2725E7,0,0
Cabinet2,39,0,20712531054,10480,9170,0,770.0,303.0,2.3331E7,0,0
Cabinet2,39,0,20712531025,7510,8180,90,402.0,266.0,1.06932E7,0,0
Cabinet2,39,0,20648361095,13030,0,90,433.0,367.0,1.58911E7,0,0
Cabinet2,39,0,20688201127,10170,7590,90,158.0,801.0,1.26558E7,0,0
Cabinet2,39,0,20687051124,7510,5350,0,210.0,283.0,5943000.0,0,0
Cabinet2,39,0,20688201005,10680,4330,0,621.0,108.0,6706800.0,0,0
Cabinet2,39,0,20712531002,10080,6510,0,661.0,108.0,7138800.0,0,0
Cabinet2,39,0,20712531003,10280,5410,0,661.0,108.0,7138800.0,0,0
Cabinet2,40,0,20688201140,0,0,0,2238.0,88.0,1.96944E7,0,0
Cabinet2,40,0,20712531086,3320,11320,0,2108.0,88.0,1.85504E7,0,0
Cabinet2,40,0,20687051113+20710131073,0,3955,90,824.5,283.0,2.333335E7,0,0
Cabinet2,40,0,20688201019,23320,0,90,861.0,108.0,9298800.0,0,0
Cabinet2,40,0,20710131085,0,880,0,2048.0,88.0,1.80224E7,0,0
Cabinet2,40,0,20711281077,16690,10240,0,771.0,108.0,8326800.0,0,0
Cabinet2,40,0,20711281007,22640,0,90,771.0,68.0,5242800.0,0,0
Cabinet2,40,0,20710131037,0,1760,0,771.0,108.0,8326800.0,0,0
Cabinet2,40,0,20710131064,16690,9160,0,771.0,108.0,8326800.0,0,0
Cabinet2,40,0,20712531016,21560,880,90,771.0,108.0,8326800.0,0,0
Cabinet2,40,0,20712531040,0,2840,0,751.0,108.0,8110800.0,0,0
Cabinet2,40,0,20663981075,2830,7750,0,861.0,357.0,3.07377E7,0,0
Cabinet2,40,0,20711281063,20480,880,90,611.0,108.0,6598800.0,0,0
Cabinet2,40,0,20648361122,16600,1760,90,276.0,388.0,1.07088E7,0,0
Cabinet2,40,0,20687051130,18190,7050,90,211.0,337.0,7110700.0,0,0
Cabinet2,40,0,20648361126,2830,3920,90,276.0,369.0,1.01844E7,0,0
Cabinet2,40,0,20711281055,2830,7070,0,771.0,68.0,5242800.0,0,0
Cabinet2,40,0,20687051131,17650,4520,90,210.0,283.0,5943000.0,0,0
Cabinet2,40,0,20711281082,15920,3610,90,771.0,68.0,5242800.0,0,0
Cabinet2,40,0,20711281083,15240,3610,90,771.0,68.0,5242800.0,0,0
Cabinet2,40,0,20712531021,7710,1760,0,771.0,68.0,5242800.0,0,0
Cabinet2,40,0,20712531022,14560,3610,90,771.0,68.0,5242800.0,0,0
Cabinet2,40,0,20710131039,7710,2440,90,68.0,771.0,5242800.0,0,0
